elapsed_time,tag_id,tag_alias,rssi,arm_x,arm_y,arm_z,arm_roll,arm_pitch,arm_yaw,arm_qx,arm_qy,arm_qz,arm_qw
2.2144320011138916,E2806894000040192971787C,urine-front,-71.0999984741211,0.8178855723476848,0.35498409719202384,0.3123453281799444,138.13745925958204,-4.709086215798713,111.69391383794179,-0.536060967366032,-0.7640390369602359,-0.31692977777055675,-0.1686372000175963
2.414243698120117,E2806894000040192971787C,urine-front,-71.9000015258789,0.8178346799995941,0.3549677772358749,0.3114214851953472,138.20088720956733,-4.711087119608743,111.68901402802695,-0.5361916785183791,-0.7641873697695667,-0.31650856402240585,-0.16834035960752006
2.6134719848632812,E2806894000040192971787C,urine-front,-71.0999984741211,0.8176997679586223,0.3549206587921963,0.31107385585290204,138.23014416554932,-4.71179695597715,111.68707628870754,-0.5362492568178746,-0.7642576508015813,-0.31631377233266145,-0.16820396899659315
2.8142805099487305,E28068940000401929777475,pose-center,-76.4000015258789,0.8175700930968556,0.35488068020020336,0.31093513220191404,138.2495110285998,-4.711816364868778,111.68709902862368,-0.5362775715119603,-0.7643111665494245,-0.3161847224265093,-0.16811314132203756
3.023002862930298,E28068940000401929781505,pose-right,-75.69999694824219,0.817549077224329,0.35487421990698687,0.3109139112808712,138.2525808373891,-4.71183150517742,111.68709578239003,-0.5362821326518876,-0.7643195907896376,-0.3161643099687443,-0.16809868064768324
3.222843885421753,E28068940000401929781505,pose-right,-76.4000015258789,0.8175403919887755,0.35487151402185824,0.3109027482669222,138.2539835403038,-4.711844627848921,111.68707551631974,-0.536284356729781,-0.7643233394921528,-0.31615498290122657,-0.16809208256551988
3.423098087310791,E2806894000040192971787C,urine-front,-73.9000015258789,0.8175382645285081,0.35487086455300354,0.3109007074163791,138.25429026235287,-4.711845703862347,111.68707651420463,-0.5362848025601448,-0.7643241882219723,-0.31615294334220356,-0.1680906370322616
3.643012523651123,E28068940000401929781505,pose-right,-71.9000015258789,0.8175348904446492,0.3548698114664853,0.3108951259238629,138.2549077245519,-4.711757065010552,111.68716626976396,-0.5362848984321225,-0.7643264910048588,-0.3161485604524127,-0.1680881036412587
3.8426320552825928,E2806894000040192971787C,urine-front,-71.0999984741211,0.8169080317592368,0.3546634635034892,0.31020802331194375,138.64107360937868,-4.713139047345979,111.68452139383747,-0.5368692243414626,-0.7653723842403708,-0.31357338795697226,-0.16627771877913436
4.054547309875488,E2806894000040192971787C,urine-front,-71.0999984741211,0.8143115999653104,0.3537518563914921,0.3062806002230586,140.5107226236268,-4.722580764464777,111.66023957100593,-0.5396950452773657,-0.7702538764467333,-0.3010537603629905,-0.1574955786463405
4.274585247039795,E28068940000401929781505,pose-right,-69.69999694824219,0.8239498753295207,0.35196893584691413,0.3030105532510343,143.69730152230647,-4.635589216019826,111.84445144354655,-0.5424343600686554,-0.779356826086296,-0.279353532673017,-0.1425815781674091
4.523508071899414,E2806894000040192971787C,urine-front,-74.4000015258789,0.8327118532766541,0.35419226555159244,0.3027545673640275,148.7046646945205,-4.747196215372127,112.20606483800967,-0.5458432125568495,-0.7923636090321707,-0.24592896614169704,-0.11719232909882486
5.033464431762695,E2806894000040192971787C,urine-front,-85.9000015258789,0.875391168652505,0.32735914601870664,0.31171623978611873,160.04218755140343,-4.675202300335698,111.6345263384363,-0.5587209606399982,-0.810085968460042,-0.16580034826735154,-0.06404573647088768
6.552766799926758,E28068940000500A8C55B5E1,120mm,-59.900001525878906,0.9346321249119025,0.29985616276101634,0.30297061394897296,163.03894951219354,-4.818021710707155,111.49735636516442,-0.5613018486647522,-0.8133277149983003,-0.14518861654552281,-0.0485646818868689
6.792918682098389,E28068940000500A8C55B5E1,120mm,-59.099998474121094,0.9412194727390867,0.3015225727546347,0.314853104479547,164.39352291313625,-4.9344840801717185,111.52267144412355,-0.56174651085472,-0.8149982285137661,-0.13613487022931675,-0.04106144383259538
7.113448143005371,E28068940000500A8C55B5E1,120mm,-61.79999923706055,0.9491217277783691,0.29436619918615337,0.3061325728308727,169.6228231611986,-4.6060216074466185,111.67457569249902,-0.5617992879678632,-0.8213494049104647,-0.09724184686591426,-0.017627770991634498
7.343384265899658,E28068940000500A8C55B5E1,120mm,-57.599998474121094,0.9655189649857092,0.29003977535712633,0.31233864824369084,171.5738135218955,-4.850802502938864,111.53005968727682,-0.5631354923683369,-0.8220155820310203,-0.08442636207312237,-0.006402305863650837
7.583122730255127,E28068940000500A8C55B5E1,120mm,-57.599998474121094,0.9834719504683226,0.2849939690349418,0.31734037297374107,171.2507234667131,-4.829374590373502,111.66093805831608,-0.5621688942642951,-0.822431407398582,-0.08664863319791452,-0.008045421740352372
7.802901268005371,E28068940000400BB6B448F1,40mm,-62.400001525878906,0.9814300342546525,0.2806512257411563,0.3038708076229889,171.90184752815554,-4.936568537855965,111.4889774020091,-0.5634719634446138,-0.8219958819002562,-0.08248915591694847,-0.004201869464993942
8.002795219421387,E28068940000400BB6B448F1,40mm,-61.79999923706055,0.9986377646774874,0.2753493690840231,0.30723519188293147,168.90887382722715,-5.077506951720189,111.5101673329992,-0.5630865507981957,-0.8195543671691555,-0.10461540279152651,-0.017882758817440378
8.2145357131958,E28068940000500A8C55B5E1,120mm,-53.900001525878906,1.006556772899991,0.2738476277148729,0.31754647170169203,164.69600343907013,-4.934837807484563,111.47546387147287,-0.5621890553227943,-0.8151228636023188,-0.13396848595284594,-0.03963115036838324
8.41270923614502,E28068940000500A8C55B5E1,120mm,-55.79999923706055,1.014520561825949,0.27869700232793626,0.3140396487718189,159.2789403627845,-5.541355319427865,111.85835748831248,-0.5576400466203733,-0.8090173833787181,-0.1754354162266059,-0.061244318346088025
8.624357223510742,E2806894000050192976A8D7,urine-back,-77.0999984741211,1.0103914308081683,0.27576759943654044,0.2950899644265098,154.29328838330034,-5.749240689564829,111.59263021577739,-0.5565880367355217,-0.7990348648240958,-0.21123494412288513,-0.08445614566056146
8.835055351257324,E28068940000400BB6B448F1,40mm,-58.29999923706055,1.0311986580179193,0.26126606089171334,0.2958067594430158,147.7766795088706,-5.435119452558163,111.45366807699622,-0.5512849082403539,-0.7856025316234113,-0.2547171789404047,-0.11845999749262824
9.044578552246094,E28068940000500A8C55B5E1,120mm,-53.0,1.0396209536420056,0.2622301880571643,0.31632366864465444,142.2867709206277,-5.032585101422409,111.60257211130286,-0.5431222878886252,-0.7739732006146631,-0.2904117499595976,-0.14712131257681127
9.2427978515625,E28068940000500A8C55B5E1,120mm,-53.0,1.0487180540046164,0.2596044181185812,0.3220770726339336,137.7726886493984,-4.892764819356934,111.62500171129552,-0.536422220395486,-0.7623281623775435,-0.3200772452737459,-0.16928535485984708
9.442903518676758,E28068940000500A8C55B5E1,120mm,-53.900001525878906,1.044723098548448,0.2578373495337616,0.30369295526096296,136.4710125259001,-5.99344728188464,111.09884872355542,-0.5406363797487668,-0.7538194495860432,-0.3328083833725611,-0.16943176288666836
9.642982482910156,E28068940000500A8C55B5E1,120mm,-53.0,1.0548174159395889,0.2513252075606533,0.2985052975992931,134.3335789259575,-5.60826193333025,111.51743739313795,-0.5336594216986834,-0.7503015230108067,-0.3457773431541192,-0.18081281802231242
9.843504905700684,E28068940000500A8C55B5E1,120mm,-53.0,1.0630398789773174,0.25210467356332716,0.30385056785490183,132.74058832742193,-5.38958703909307,111.61424814600154,-0.5298796056836673,-0.7463695164681161,-0.3553817407479593,-0.18937784112884432
10.052872657775879,E28068940000500A8C55B5E1,120mm,-52.29999923706055,1.0679901010687185,0.25243142862995854,0.32116613506702174,131.25434614330712,-4.993599327114245,111.72480520501318,-0.5255639465492251,-0.7431235122909982,-0.36350992990663633,-0.1985208161054308
10.2529878616333,E28068940000500A8C55B5E1,120mm,-51.599998474121094,1.0791725160916872,0.24510251184313434,0.32548084365415,129.80945799714843,-4.677453644803243,111.59487969915045,-0.5229484029835325,-0.7386319028148697,-0.3712556682820666,-0.20764659575705474
10.452947616577148,E28068940000500A8C55B5E1,120mm,-53.0,1.0873010471534281,0.24393920074355083,0.32166845206681605,128.3164354067066,-5.832871203460871,110.98974013687877,-0.5274484394274565,-0.7281450333765253,-0.38467897633998305,-0.2088660797656314
10.673572540283203,E28068940000400BB6B448F1,40mm,-59.900001525878906,1.0862068836171996,0.23842864038622363,0.30856597635473243,128.28631473520088,-6.816374621604487,110.6773747186576,-0.5322079453559,-0.7241275683754974,-0.3885151683164356,-0.20359256274896798
10.884345054626465,E28068940000500A8C55B5E1,120mm,-53.0,1.0912793042507993,0.23594607139138074,0.29222242674594856,128.91977588414935,-5.960409872105236,111.26783210110902,-0.5271337317617183,-0.7311276903886366,-0.38188462875407925,-0.20431950349220734
11.082770347595215,E28068940000500A8C55B5E1,120mm,-53.0,1.098641142159494,0.23646419378697925,0.2918888838575125,129.3618966820994,-5.790078662982728,111.35047055528219,-0.5269042042254349,-0.7333910116977268,-0.3784769603112318,-0.20313732804218163
11.29295539855957,E28068940000400BB6B448F1,40mm,-60.79999923706055,1.1055385169366476,0.23673471567353666,0.31882666451572905,129.03949823100152,-5.116334089886312,111.53696826938852,-0.5231912388671501,-0.7348089189804068,-0.37798844491137906,-0.2084502714629554
11.513642311096191,E28068940000400BB6B448F1,40mm,-60.79999923706055,1.1086183264683453,0.23530787568598857,0.32662677090409253,130.23784482591506,-4.889049916327775,111.58780437897234,-0.5243693547765513,-0.7394881134346367,-0.36939317450624287,-0.20431052955808554
11.74293327331543,E28068940000500A8C55B5E1,120mm,-52.29999923706055,1.1179388903301155,0.24119425634079336,0.31953965957511116,130.88854680829178,-5.1625705709136085,112.4540552740255,-0.5206710452254306,-0.7448951674551195,-0.3678691692263971,-0.19673618502590573
11.98351001739502,E28068940000500A8C55B5E1,120mm,-52.29999923706055,1.1349752885509847,0.2234092780026263,0.32871880162864087,128.9185089328946,-4.4997882477526785,111.73885211201292,-0.5198719227868683,-0.7367986171551986,-0.37649081634931025,-0.2124044417160362
12.213644027709961,E28068940000500A8C55B5E1,120mm,-52.29999923706055,1.144766113949736,0.22135852699518482,0.328062111582066,125.77349497886566,-4.771584158068363,111.7439914188844,-0.514660954586254,-0.7255358687768965,-0.39772572906440956,-0.2248022450570812
12.412904739379883,E28068940000500A8C55B5E1,120mm,-53.0,1.153921430550198,0.21866822799493932,0.3283959744883648,121.20030351664644,-4.922021500139365,111.74674854668805,-0.5057708072353303,-0.7087005802179583,-0.42698092908128715,-0.24418571692081537
12.623644828796387,E28068940000500A8C55B5E1,120mm,-52.29999923706055,1.161051637981093,0.21573627888773858,0.3286899419693706,115.98560100238025,-4.92721326914348,111.72789899452415,-0.4942710981129954,-0.6884469131392683,-0.45875527365715574,-0.2669841348300211
12.822892189025879,E28068940000500A8C55B5E1,120mm,-53.0,1.1727050372472623,0.21128959101158898,0.3296196452173372,110.70787525547759,-4.926330883698063,111.7553493128872,-0.4812916942516942,-0.6667135041042033,-0.4900312114518376,-0.28934550332167397
13.022844314575195,E28068940000500A8C55B5E1,120mm,-53.0,1.1802621040503587,0.20829352274677473,0.32938982638689396,106.94470078642308,-4.925774030986666,111.7762024641637,-0.47141118356834144,-0.6503519023082738,-0.5117112689851899,-0.3049024046547867
13.224174499511719,E28068940000500A8C55B5E1,120mm,-53.0,1.1861416410128014,0.20641991748424152,0.33258577202370176,104.03425768301743,-4.705439731504379,111.80811977750092,-0.46239510000438694,-0.6379914639648508,-0.5273429136761316,-0.31791054527254514
13.434286117553711,E28068940000500A8C55B5E1,120mm,-53.0,1.1972653232885397,0.20169042965580297,0.334772205523592,101.04530381893272,-4.7325528056798305,111.78287146758237,-0.45420423056687403,-0.6238304924027144,-0.5438272308452177,-0.3298271921400101
13.633596420288086,E28068940000500A8C55B5E1,120mm,-53.0,1.1984801984200968,0.19584684101658761,0.3288283879903389,100.74929989602708,-5.002814123467925,111.68862770145118,-0.4550627548943835,-0.6211430094245229,-0.5461305599378817,-0.3299100823753598
13.842949867248535,E28068940000500A8C55B5E1,120mm,-52.29999923706055,1.196604606324612,0.1804827002843235,0.32661736432964844,101.10996587083655,-5.1485813659903,111.50268498571359,-0.4577518594925668,-0.6216275680252984,-0.5441618668179616,-0.328527418190995
14.053120613098145,E28068940000500A8C55B5E1,120mm,-51.0,1.19331118617753,0.1641296677898729,0.3268293172394491,101.30887469544817,-5.110097586227845,111.46379158544295,-0.45836347178404924,-0.6225449674144008,-0.5428325400877356,-0.32813644220502697
14.253300666809082,E2806894000040192971787C,urine-front,-74.4000015258789,1.191193287824013,0.15408827478655382,0.32585673760048695,101.06068705554816,-5.03238012289799,111.45296016494748,-0.45736756867579187,-0.6215862406300441,-0.5438697032248231,-0.3296228124647134
14.45297908782959,E28068940000400F14A7A475,200mm,-57.0,1.1858034475225963,0.1345747456588705,0.32606459651142594,100.9891613285341,-5.264218547606762,111.54684174337193,-0.457676257918174,-0.6208398223573848,-0.5453570159835751,-0.3281403404501784
14.662944793701172,E28068940000400F14A7A475,200mm,-55.79999923706055,1.181936635905774,0.11771134784252044,0.32458961282284804,101.20754910320473,-5.158755931553103,111.54643278172247,-0.45783874058381757,-0.6222313394176558,-0.5437940012302025,-0.32787182265815445
14.863046646118164,E28068940000400BB6B448F1,40mm,-57.0,1.179448837828744,0.10604033197846417,0.3258216453341029,101.68582615714823,-5.216747334419836,111.53461438513803,-0.45952154626640623,-0.6242539454403251,-0.5413671836549663,-0.32568164298991015
15.064586639404297,E28068940000400BB6B448F1,40mm,-55.79999923706055,1.1745424656400045,0.08802788727411354,0.32499271817508724,103.02828351132268,-5.215119978428281,111.60140794620928,-0.46293069967713196,-0.6308284878113012,-0.5341976564700037,-0.319974139711484
15.265538215637207,E28068940000400F14A7A475,200mm,-52.29999923706055,1.1706049302177177,0.0710618435268032,0.32716015012527105,104.55614382808407,-5.274578326663054,111.59311240563484,-0.46745357387782976,-0.637667095470916,-0.5259352679151011,-0.31346439285124655
15.464765548706055,E28068940000500A8C55B5E1,120mm,-46.29999923706055,1.1670444536378493,0.056753065989592705,0.32980377307547837,106.03639435575154,-5.074418294799313,111.6508078089731,-0.47030610438687387,-0.645286572281635,-0.5170654414020701,-0.3083192130197907
15.664514541625977,E28068940000400BB6B448F1,40mm,-57.0,1.162929874130114,0.041225161836326074,0.3319990141392619,107.01430501309612,-5.186238285336739,111.65458771069366,-0.47335861556969755,-0.6493365041783541,-0.5119686261727712,-0.3036146426346052
15.863037109375,E28068940000500A8C55B5E1,120mm,-46.29999923706055,1.1592323020352875,0.023612302150515546,0.33335434932388036,107.22322174160466,-5.006554675848463,111.65392474088132,-0.4731777731137238,-0.6508345029073159,-0.5101080893513859,-0.3038206412257123
16.064741134643555,E28068940000401929753451,E28068940000401929753451,-69.0,1.1561890203938947,0.010072097944491017,0.3329183025553672,107.1156183793667,-5.117649219452487,111.59595674935682,-0.47367767048404064,-0.6497640319508817,-0.5109819604036454,-0.30386444907193894
16.263145446777344,E28068940000400BB6B448F1,40mm,-57.599998474121094,1.1523421879813134,-0.005132189125952228,0.3328620053159408,106.85633103204441,-5.085735571570758,111.684185042574,-0.4723577881002789,-0.6490714607073336,-0.5125661601032369,-0.3047298646888473
16.463111877441406,E28068940000401929753451,E28068940000401929753451,-70.4000015258789,1.1487703028749283,-0.021363654471818202,0.3324876115221309,106.5681892650693,-4.991892813954154,111.66696139039445,-0.47129890872512303,-0.6480082353340018,-0.513800142147015,-0.30654865764430933
16.664663314819336,E28068940000400F14A7A475,200mm,-47.900001525878906,1.1454314426226093,-0.0347960819149869,0.3325965567078296,106.22052581516121,-5.165882241091998,111.66067053496549,-0.47112531490565773,-0.6458646824503049,-0.5163948397485527,-0.306979020617823
16.863248825073242,E28068940000500A8C55B5E1,120mm,-44.29999923706055,1.1417000826763304,-0.053615433150767694,0.3322069319882765,105.72850556425958,-4.999873818094519,111.5705224176193,-0.4696153862318006,-0.6438053503170517,-0.5183032700755213,-0.3103832794248373
17.06310272216797,E28068940000400BB6B448F1,40mm,-55.79999923706055,1.1384854156809459,-0.06667302862369426,0.3317091556259838,105.21098686302906,-5.0917701470938,111.62463527548405,-0.46829259997425793,-0.6413824635558998,-0.5216929655543591,-0.311716258708803
17.27475357055664,E2806894000040192971787C,urine-front,-75.69999694824219,1.1348504808453506,-0.08255606179071906,0.33273686186386436,104.51015409955866,-5.049390350138357,111.60592214634642,-0.46630183504673334,-0.6382415035628918,-0.5253985287234445,-0.3149075543347097
17.474891662597656,E28068940000500A8C55B5E1,120mm,-43.79999923706055,1.132272401635906,-0.09544057857965363,0.33274762266997354,103.88287041579747,-5.276920241997529,111.50546918847807,-0.46609896779205057,-0.6342020281921305,-0.5294392981534566,-0.31659685600294335
17.674755096435547,E28068940000401929781505,pose-right,-75.0,1.1298375825881215,-0.10400956336375408,0.3325424347067649,103.35206767673787,-5.146840962149358,111.6339280985245,-0.4633600071173221,-0.6326918349177816,-0.5322549528720754,-0.318909408728795
17.873062133789062,E28068940000500A8C55B5E1,120mm,-44.29999923706055,1.126361611838619,-0.12095794533701659,0.33069488794617996,102.53507831727114,-4.967328415779459,111.54515906199487,-0.46078229335216897,-0.6291190301710852,-0.5358515136676177,-0.3236542589088413
18.07297706604004,E2806894000040192971787C,urine-front,-71.9000015258789,1.1243118610674006,-0.12853603593603152,0.33329177233361773,101.72078404674812,-5.123878868593623,111.62399805484155,-0.45872688563603564,-0.6250879987917953,-0.5410967256372647,-0.32565161087543
18.284698486328125,E28068940000400F14A7A475,200mm,-44.29999923706055,1.1218373296031063,-0.14384273931480018,0.3312636815169092,100.85697847451179,-5.167878046941816,111.39680946593023,-0.45768371938060504,-0.619936944255695,-0.5452973107285232,-0.32993126719528515
18.5632381439209,E28068940000400F14A7A475,200mm,-44.900001525878906,1.1191586271007963,-0.1535811650428925,0.3325408431947637,99.8002872053134,-5.277040186178991,111.4901648282077,-0.454608757453163,-0.614879973163596,-0.5516493709892948,-0.3330712652516609
18.783039093017578,E28068940000500A8C55B5E1,120mm,-47.900001525878906,1.1169645615095993,-0.16251591349434844,0.33224368539477944,98.94191009508214,-5.210097994295079,111.5179168288994,-0.45165108395308357,-0.6110701343721793,-0.5560860114940595,-0.3367089797777893
19.004648208618164,E28068940000400F14A7A475,200mm,-46.29999923706055,1.1148389723018084,-0.17173110890899485,0.331831479841096,97.97495161238638,-5.113122200642029,111.52699396234964,-0.44830327904640177,-0.6067274569033014,-0.5609112912300477,-0.3410051119947283
19.2047119140625,E28068940000500A8C55B5E1,120mm,-50.400001525878906,1.1130491236388835,-0.1799115022930167,0.3319251382725372,96.93187822629642,-5.064357583820362,111.53634035414997,-0.44490656760609476,-0.6018032539657532,-0.5662702112429204,-0.3452955798675864
19.405031204223633,E28068940000500A8C55B5E1,120mm,-52.29999923706055,1.1111252134803642,-0.18802533440065483,0.3326302796680266,95.81860500649671,-5.060109138787013,111.53035759839213,-0.44154231753579115,-0.5962654641758298,-0.5720571908781324,-0.34965475603933266
19.60328483581543,E28068940000401929753451,E28068940000401929753451,-65.9000015258789,1.1102816846399657,-0.19041919563479393,0.33372307356036635,95.16877689506386,-5.3353706127584735,111.61616176498846,-0.44040186188565106,-0.5923647305386084,-0.5766276165509024,-0.35021538785781425
19.804832458496094,E28068940000401929753451,E28068940000401929753451,-65.9000015258789,1.1081048507980458,-0.2000012894280951,0.3296590769731059,94.1112361987775,-5.1341419486332205,111.54846883665022,-0.4365426369804064,-0.5874804096713806,-0.5811833272195077,-0.35570104654414886
20.00319480895996,E28068940000500A8C55B5E1,120mm,-51.599998474121094,1.1073655906151099,-0.19494644443240192,0.33346022896153976,93.81079476742099,-5.254497322593555,111.98546672207672,-0.4339456214774365,-0.5871818263775954,-0.5844797679691587,-0.3539662430333591
20.225563049316406,E28068940000400F14A7A475,200mm,-47.900001525878906,1.105784427660356,-0.19336917087374655,0.3297575410556416,96.27089644219069,-5.369363738655998,111.56129244609396,-0.44419369867106656,-0.5975508533212041,-0.570854521503475,-0.3460492031995702
20.423175811767578,E28068940000500A8C55B5E1,120mm,-50.400001525878906,1.1055865840911223,-0.19179191236732634,0.3293230015742148,96.42281376685656,-5.646625324922536,111.62221183756247,-0.44561741721103937,-0.5975667523976463,-0.5711938856455099,-0.34362281488323315
20.63343620300293,E28068940000400F14A7A475,200mm,-47.900001525878906,1.1034471976671423,-0.18378257786783223,0.3310086184220194,98.67586893993064,-5.386517727058078,111.54469048364425,-0.45152384403317075,-0.6092744890399425,-0.5581999585771232,-0.3366357401095782
20.8339786529541,E28068940000401929753451,E28068940000401929753451,-66.80000305175781,1.103386434794677,-0.1837288734102914,0.33123364135723643,98.74036328852425,-7.588597569867216,111.23167401494676,-0.4632208559465344,-0.6006160010988486,-0.5645746530006579,-0.3254878170214282
21.0347900390625,E28068940000401929753451,E28068940000401929753451,-65.9000015258789,1.103375247391698,-0.18370301591074548,0.33119475832852935,98.7515048115733,-7.892007986600374,111.19072198115387,-0.46480961746928523,-0.5994215211144154,-0.5654368313641399,-0.32392444994136876
21.233356475830078,E28068940000401929753451,E28068940000401929753451,-66.80000305175781,1.1033701422952071,-0.18368837094412185,0.3311740317568843,98.75395414465089,-7.89815862504651,111.19082069850131,-0.46484320466227064,-0.599411994322592,-0.5654452775167088,-0.32387913528903894
21.43326759338379,E28068940000500A8C55B5E1,120mm,-49.79999923706055,1.103368790519516,-0.18367903697313237,0.33116297457070165,98.7552359587604,-7.899167813294397,111.19114431350289,-0.4648495941941549,-0.599416020105654,-0.565442929301903,-0.32386661347028495
21.643508911132812,E28068940000500A8C55B5E1,120mm,-48.79999923706055,1.1017821523132898,-0.17136718019319308,0.32536527605702054,99.84239388534289,-8.382268698866119,111.7834495641928,-0.46688246565458574,-0.6054560441202587,-0.5630192276206186,-0.31377235574859635
21.843250274658203,E28068940000401929753451,E28068940000401929753451,-68.4000015258789,1.0994986702009424,-0.161649045337738,0.322285035009711,102.38917694794256,-6.507251830238753,111.81783578413967,-0.465544844958588,-0.6243815288644674,-0.5429354794840557,-0.3140649118618191
22.043357849121094,E28068940000500A8C55B5E1,120mm,-47.900001525878906,1.0988146328687278,-0.1643544496415773,0.33266146879882663,102.4845455014784,-5.331757775568834,111.57904337835993,-0.4620356952714013,-0.6278084821987537,-0.5375435770746196,-0.32159979589575655
22.244871139526367,E28068940000500A8C55B5E1,120mm,-46.29999923706055,1.0968097954595104,-0.1554894170981514,0.3286942197080424,104.08407876523393,-5.312713554048688,111.660671130245,-0.46594591027523524,-0.6356449262740407,-0.5288829386806853,-0.31485357481269655
22.44479751586914,E28068940000401929753451,E28068940000401929753451,-66.80000305175781,1.0959861346025335,-0.15119734662749323,0.3297843412058939,104.48187603018454,-5.495346666919749,111.73714759243573,-0.46738415564584485,-0.6371924757142811,-0.5275502091354564,-0.31181497203543923
22.64324951171875,E28068940000400BB6B448F1,40mm,-58.29999923706055,1.0944844467947243,-0.14593488116385148,0.3315579577174621,105.57718106176627,-5.447707081606634,111.53915954931111,-0.4712533340710879,-0.6415465248055667,-0.520727806912332,-0.3085140235792487
22.8532772064209,E28068940000400F14A7A475,200mm,-47.0,1.0943882244973047,-0.14580998577855267,0.3318283226530785,105.6361940736309,-6.856000874123908,111.16349323397942,-0.4793348212755177,-0.6356402861432353,-0.5245815900024298,-0.3016847877753133
23.063678741455078,E28068940000400F14A7A475,200mm,-47.0,1.0943847820238783,-0.14583051595906574,0.331687146355259,105.65204967983364,-6.884093300422184,111.15033887686184,-0.47956488417412385,-0.63556458542437,-0.5245619168277125,-0.301512810731888
23.26477813720703,E28068940000400BB6B448F1,40mm,-57.0,1.0943835055576738,-0.14583217782499225,0.33162798074584277,105.6581770552071,-6.88136068405009,111.1491539955974,-0.47957635950147415,-0.6355967461483071,-0.5245148045147394,-0.30150872547550206
23.463356018066406,E28068940000401929753451,E28068940000401929753451,-67.9000015258789,1.0943826765332096,-0.14582867566609284,0.33161299847883513,105.65981747101448,-6.880945189935015,111.1490491349075,-0.47957955154374804,-0.6356051950938918,-0.5245039077795024,-0.30150479338608177
23.66320037841797,E28068940000500A8C55B5E1,120mm,-44.29999923706055,1.0915865378343237,-0.13344842118988812,0.32473088632637503,107.06108936489194,-7.119893699159374,111.55260859310678,-0.4819320289669752,-0.6428887342267124,-0.5186091181394837,-0.29236993252168914
23.865095138549805,E28068940000400BB6B448F1,40mm,-54.79999923706055,1.0898823154960764,-0.12636140504422805,0.3301610491966012,108.23729600741615,-5.450805076778704,111.6216941511577,-0.4778292572298261,-0.653795263101935,-0.5059218688893345,-0.29710943684135466
24.064889907836914,E28068940000400F14A7A475,200mm,-47.0,1.088378608771731,-0.12099796510548397,0.32947932054465623,108.93729709298833,-5.415356648013895,111.67459893910235,-0.4791900667039876,-0.6572056311194018,-0.501920249378552,-0.29416611235991935
24.26502227783203,E28068940000401929753451,E28068940000401929753451,-66.80000305175781,1.0864870177352053,-0.11269600374665581,0.33143905755191905,109.80869157805685,-5.437561512677497,111.66818175125795,-0.4815380120248481,-0.6609077041468913,-0.4969764671016838,-0.29040754246674066
24.463300704956055,E28068940000401929753451,E28068940000401929753451,-66.80000305175781,1.0848012090575638,-0.10471372418206071,0.3324481869260838,110.62690626777366,-5.433622018753619,111.67106552278855,-0.4835671691350146,-0.6644636260183545,-0.49223691089536153,-0.2869733544869287
24.66329574584961,E28068940000401929753451,E28068940000401929753451,-65.0999984741211,1.083279426221641,-0.09756928400796813,0.33217832235989414,111.49767153292696,-5.298074586717811,111.62737658113808,-0.4854641761003114,-0.6684111301696792,-0.4865425427411651,-0.2843016864028407
24.864826202392578,E28068940000400F14A7A475,200mm,-48.79999923706055,1.0795164327910893,-0.08476577938636498,0.3282748299001326,113.0675124651856,-5.2571981568300545,111.70839760969103,-0.48868095527548266,-0.6754809944733802,-0.4773771277078228,-0.2775381559312598
25.063175201416016,E28068940000400F14A7A475,200mm,-48.79999923706055,1.0777280063840706,-0.07602814232044383,0.33175413988214625,113.72982158380144,-5.332143044855367,111.61404522858756,-0.49111632652613463,-0.6776032822430476,-0.4735325136109973,-0.27463704095801356
25.2636661529541,E28068940000401929781505,pose-right,-75.0,1.0745868765729507,-0.06424231685555079,0.33078114967952665,115.02671094327742,-5.17335112774476,111.54002126958518,-0.4940494800624014,-0.6830621032567775,-0.46503104892420943,-0.27034681037687086
25.475078582763672,E28068940000401929781505,pose-right,-74.4000015258789,1.072758490503662,-0.05616345308281484,0.33103226026016386,115.73811944773182,-5.24301664080051,111.45679945863776,-0.49647009974819506,-0.6853745173849097,-0.46086476237761964,-0.2671757507223279
25.67504119873047,E28068940000500A8C55B5E1,120mm,-44.29999923706055,1.0722011753830911,-0.045380182614427,0.33791286946318677,116.12972683346416,-4.853735524379157,111.41697078006874,-0.49620736261433324,-0.6878888806279179,-0.4568702557727723,-0.2680610202657576
25.87490463256836,E28068940000500A8C55B5E1,120mm,-44.29999923706055,1.0678203858960986,-0.033930956344991214,0.3331243235701036,117.34562152243633,-5.004897610373189,111.53439675908541,-0.49885284319502426,-0.692783239033995,-0.4504236799253581,-0.26137278571478284
26.0733699798584,E28068940000401929753451,E28068940000401929753451,-69.0,1.0639277832142564,-0.020378459439006204,0.33070305679205364,118.63041632468071,-4.9880480052096425,111.42865769491131,-0.5023367611958455,-0.6973732136801907,-0.4423234244769551,-0.2562779103856014
26.27495002746582,E28068940000400BB6B448F1,40mm,-53.900001525878906,1.060091958314915,-0.004796695947562905,0.33115209040336013,119.64120326856263,-4.971935743359988,111.46056157222051,-0.5043271197397088,-0.701432252896182,-0.43615917902308426,-0.25181763529575263
26.47488021850586,E28068940000500A8C55B5E1,120mm,-46.29999923706055,1.0584272608547667,0.013880748166798991,0.3375835659397164,120.08451887743797,-4.8934928458892175,111.53475039874529,-0.5045742280613617,-0.7036545656367891,-0.43328282522101386,-0.25008217450125997
26.674846649169922,E28068940000401929753451,E28068940000401929753451,-69.69999694824219,1.0575357819075677,0.04165660978287977,0.33824686134584425,120.15580834088495,-6.246664758043897,112.24722460684515,-0.5049508062698712,-0.7033562121464966,-0.4398499559260504,-0.2384255404821196
26.883377075195312,E28068940000400BB6B448F1,40mm,-54.79999923706055,1.0571198666205721,0.04826206807420966,0.3381339108090421,120.18704486316473,-6.463410930606216,112.48850283829594,-0.5042658248392283,-0.7039390911596737,-0.44102515183205876,-0.23597150100809866
27.08490562438965,E28068940000500A8C55B5E1,120mm,-47.0,1.0570423921986916,0.04870234647842053,0.33805777586056385,120.19681997581513,-6.46655174498301,112.51238631275417,-0.5041498160614184,-0.704073107247443,-0.44102680136585076,-0.23581641820105476
27.285741806030273,E28068940000500A8C55B5E1,120mm,-47.0,1.0570256068554886,0.04873510667615155,0.3380373367341569,120.19942011676267,-6.4683568402599505,112.51373877213169,-0.5041529481228044,-0.7040840689948834,-0.44102081344132216,-0.2357881905402543
27.484962463378906,E28068940000400F14A7A475,200mm,-57.599998474121094,1.0569318935591172,0.048883074224947615,0.3380599695314523,120.20942923389097,-6.4706393289421715,112.5174328816547,-0.5041585432111859,-0.7041325247507114,-0.4409760226476699,-0.23571529085997997
27.684932708740234,E28068940000400BB6B448F1,40mm,-53.900001525878906,1.0504013896696187,0.0484273979289713,0.3322830901847727,121.91814315598889,-5.498518761983851,111.84755823651402,-0.5085732546702081,-0.7102749038525593,-0.4251148007906962,-0.23693925749034384
27.88327980041504,E28068940000401929753451,E28068940000401929753451,-69.69999694824219,1.0484880550687252,0.05013241218989489,0.332192795272788,122.40482832231713,-5.113938510294391,111.62318672214715,-0.5097088647362894,-0.7120949730574532,-0.4200449006171183,-0.23807541666686918
28.08501434326172,E28068940000400F14A7A475,200mm,-60.79999923706055,1.0456032419928243,0.06162948248774108,0.33362274901353217,122.96925750103084,-5.072271321317682,111.50389585120473,-0.5114831419329954,-0.7137324050325767,-0.4161136385683527,-0.2362636013485175
28.283323287963867,E28068940000400F14A7A475,200mm,-63.0,1.0419907286294687,0.0746493504188816,0.3329313072815744,123.74622543950873,-4.968987004755687,111.37531377444166,-0.5135460108774328,-0.7162292464428396,-0.41057102559301467,-0.2339179219198432
28.543588638305664,E28068940000401929777475,pose-center,-71.0999984741211,1.0371432547405934,0.10051544925744164,0.3335121550138968,124.5337605495564,-5.183451538676458,111.5017443779113,-0.5150257680898769,-0.7190515880800359,-0.4067924965354945,-0.22854569924947277
28.76327133178711,E28068940000401929753451,E28068940000401929753451,-76.4000015258789,1.0335175128176397,0.1308868714539364,0.333332602916373,124.64972353977741,-6.442621557519547,112.34229047405415,-0.5139250229260311,-0.7199754936920923,-0.4129218178484723,-0.21682235041161996
28.985013961791992,E2806894000040192971787C,urine-front,-72.9000015258789,1.0305224850843997,0.15226192141170353,0.33331291356389103,124.72340436817672,-7.275548051506187,112.96871340385414,-0.512712909939294,-0.7208606104768951,-0.41701708123615033,-0.20876351741082733
29.203397750854492,E28068940000400BB6B448F1,40mm,-54.79999923706055,1.030369870455787,0.1530607071692165,0.3332594540174263,124.73293311771351,-7.303516165109458,112.99284471288368,-0.512665061768682,-0.7209294203259861,-0.4171141948548319,-0.20844916358852839
29.4034423828125,E2806894000040192971787C,urine-front,-70.4000015258789,1.0303377874611845,0.1531034617494743,0.3332272470279285,124.73729580961403,-7.307349718357847,112.9934818915513,-0.5126808576153693,-0.7209380293561278,-0.41710340910808213,-0.2084021165278522
29.60337257385254,E2806894000040192971787C,urine-front,-70.4000015258789,1.0303228891503522,0.15311328088460893,0.3332125193825519,124.73933489325121,-7.309137780852998,112.9934769807059,-0.5126901323914826,-0.7209407083666407,-0.41709780218893416,-0.20838125294126425
29.803346633911133,E28068940000500A8C55B5E1,120mm,-50.400001525878906,1.0280606670423917,0.15329749852603686,0.3327253166458118,125.23326232073538,-6.903487758129628,112.6052397671688,-0.5147853010590431,-0.7220513251204438,-0.4116289437756393,-0.21023698616445566
30.005935668945312,E28068940000401929781505,pose-right,-70.4000015258789,1.0277166436318461,0.1410090493676254,0.3340483923918801,125.84119118683124,-5.000038542169581,111.7162322163114,-0.5156774590090325,-0.7250744577789814,-0.3982059837083018,-0.22310487104814042
30.23383331298828,E28068940000401929781505,pose-right,-70.4000015258789,1.0232887123226135,0.1562447790923707,0.332732833291536,126.52781831652725,-4.964323203355683,111.49784531382802,-0.5182814646775667,-0.7265496799789097,-0.39328276375559407,-0.22099446515010657
30.42345428466797,E28068940000400BB6B448F1,40mm,-55.79999923706055,1.0198282973207882,0.16899226886240942,0.33193393519003783,126.99361409898953,-4.942025476938723,111.3903399088849,-0.5197909526004808,-0.7277100204864739,-0.39002574528272704,-0.21939783429859516
30.623472213745117,E28068940000400BB6B448F1,40mm,-55.79999923706055,1.015958288119734,0.1835844061822607,0.33117196069754024,127.44495754340608,-4.865747846337455,111.36621491703043,-0.5205757997620629,-0.7293180208818318,-0.3867849477203124,-0.21792995511423177
30.825008392333984,E28068940000400BB6B448F1,40mm,-55.79999923706055,1.0137845895508206,0.19207465038710678,0.3315003218277372,127.56565905377015,-4.884084492788524,111.55499699964093,-0.5196571459854826,-0.7305372560824234,-0.38645230427371247,-0.21662498614731557
31.025012969970703,E2806894000040192971787C,urine-front,-78.9000015258789,1.0085656643187013,0.17781100946063552,0.3328135473291536,127.89440150889112,-4.960505665231882,111.67224023554633,-0.5197553051101828,-0.7319892235876816,-0.38490058254348075,-0.21423758054788974
31.23507308959961,E28068940000401929781505,pose-right,-75.69999694824219,1.0054474663372868,0.16195145387915136,0.33386514607583484,128.0907852447999,-4.961088034422433,111.57925710543873,-0.5207177441344708,-0.732224083073825,-0.38347480063748146,-0.21365392668108782
31.435138702392578,E28068940000401929781505,pose-right,-72.9000015258789,1.0013338735887363,0.14651241521449912,0.3324625155853464,128.44496679095266,-5.004257442898249,111.60277470245262,-0.521352179070002,-0.7334086288948469,-0.38143791339060257,-0.21168090766473138
31.633424758911133,E28068940000400BB6B448F1,40mm,-53.900001525878906,0.997491860711693,0.13123076410259288,0.33226072229222803,128.6439998047146,-5.076141613379125,111.6629293725354,-0.5215443608001338,-0.7341707302360801,-0.38058140666775214,-0.21010143141110552
31.8450927734375,E28068940000401929753451,E28068940000401929753451,-72.9000015258789,0.9945025821766068,0.11664469222503909,0.331450820795785,128.8414423000995,-5.046389372397547,111.60821970584153,-0.5221695440248798,-0.7346476225099349,-0.3790885370464664,-0.20957986332975612
32.044925689697266,E28068940000400BB6B448F1,40mm,-53.0,0.9904366755915806,0.10142359338767026,0.33165286748508815,128.94889750915766,-5.147817627893145,111.68592175591594,-0.52216270020826,-0.7351134877483894,-0.3789751481909338,-0.20816366564623293
32.24338150024414,E28068940000401929753451,E28068940000401929753451,-71.9000015258789,0.9872037059814522,0.08589152827003169,0.3313243320321755,129.06815087396564,-5.21286652317386,111.54607637054369,-0.5234648343798314,-0.7347131359732354,-0.3782351222673279,-0.2076520341327992
32.44355392456055,E28068940000401929753451,E28068940000401929753451,-75.69999694824219,0.9831353922477138,0.07153330836021307,0.33125008654986965,129.1351558256257,-5.174016455060541,111.69944775094338,-0.5224894678570604,-0.7357274217858966,-0.3779163855986444,-0.20709689110843724
32.663570404052734,E28068940000400BB6B448F1,40mm,-53.900001525878906,0.9793937297061238,0.05684959671531506,0.33196604618134135,129.08306676890672,-5.268092307667127,111.75727638005313,-0.5222969162998515,-0.7355933909333142,-0.37875742775784665,-0.20652144042968906
32.86507034301758,E28068940000400BB6B448F1,40mm,-54.79999923706055,0.9764306760526433,0.0409641146824124,0.33299713898568756,129.0067354118093,-5.230882751695625,111.6152985180628,-0.5229619600421231,-0.7347829864280471,-0.3788314928764133,-0.20758480486251626
33.065162658691406,E28068940000400BB6B448F1,40mm,-54.79999923706055,0.9721629108099462,0.024410564336724005,0.33417496316187856,128.89965190200493,-5.143769291472063,111.67572241195585,-0.5221268149874972,-0.7349138166370723,-0.37925516401182785,-0.20844853503276237
33.26519012451172,E28068940000400BB6B448F1,40mm,-55.79999923706055,0.9688768688764829,0.010816138386071513,0.3363768847013231,128.649216396304,-5.201800127043695,111.69459698015828,-0.5217189212329401,-0.7340290312280962,-0.38114267548850134,-0.2091435140360488
33.46356964111328,E28068940000400BB6B448F1,40mm,-55.79999923706055,0.9654941016503249,-0.005663179439499065,0.33775388040652476,128.44007542190272,-5.096977047862948,111.6155983416331,-0.521533824388156,-0.7332265622658004,-0.3818891361114929,-0.2110496769174452
33.66352844238281,E28068940000401929753451,E28068940000401929753451,-71.0999984741211,0.9619926111430261,-0.019778508890682913,0.33796441296054863,128.20604409306182,-5.070602651349778,111.76138000839849,-0.5200914934143042,-0.7331713749445865,-0.38354302035747345,-0.21180020060191238
33.8633918762207,E28068940000401929753451,E28068940000401929753451,-69.69999694824219,0.9586862444016236,-0.03519209517234617,0.3381422228463266,127.96486296847971,-5.154527588923355,111.65638674924524,-0.520564408719717,-0.7316815318905944,-0.3852475056839512,-0.21269506724138765
34.063499450683594,E28068940000500A8C55B5E1,120mm,-52.29999923706055,0.9547502407237788,-0.050910674404351874,0.33778898253654543,127.73694123942741,-5.096983192038024,111.6880854283727,-0.5197666017795025,-0.7311984204003611,-0.38651647344584894,-0.21400132110243814
34.26512145996094,E28068940000400BB6B448F1,40mm,-54.79999923706055,0.9519763755485772,-0.06655968564572695,0.3377824932616003,127.44450097424036,-5.157359789017599,111.45688224201696,-0.5208716796391176,-0.7290118797899529,-0.38820315553786017,-0.2157143539625768
34.465267181396484,E28068940000401929753451,E28068940000401929753451,-67.9000015258789,0.9493102312982528,-0.0700547204155548,0.33625936925228117,127.26132123926034,-5.144888435076743,112.06349128342815,-0.51662545607737,-0.7311662750641565,-0.39045625646106785,-0.21456450809037575
34.67532730102539,E28068940000500A8C55B5E1,120mm,-53.900001525878906,0.9462192553918168,-0.08968348572247656,0.33815545210015263,126.74589762459556,-5.16984942924693,111.64580101401963,-0.5183861690966354,-0.7274561877099184,-0.39305349353711716,-0.21815642523229528
34.88533401489258,E28068940000500A8C55B5E1,120mm,-57.0,0.9427764893227483,-0.10423708037005103,0.33770495711656595,126.36710214324586,-5.201743467754099,111.60594859965802,-0.5180121382824588,-0.7258930632751117,-0.3955143088816453,-0.21979789978747177
35.084983825683594,E28068940000500A8C55B5E1,120mm,-59.099998474121094,0.9397119781832629,-0.11925965677305114,0.3381680972489003,125.76228581967985,-5.147063166896157,111.68824792037815,-0.5161558211414436,-0.7243043033924818,-0.39926968810912666,-0.22259865351384
35.28419494628906,E28068940000500A8C55B5E1,120mm,-60.79999923706055,0.9363412912510456,-0.13389102731625535,0.33782421317933364,125.31329722196328,-5.2897890331628155,111.51161446602877,-0.5168371934607736,-0.7215759940201627,-0.4023582454625246,-0.22431059408267662
35.50422286987305,E28068940000401929753451,E28068940000401929753451,-65.9000015258789,0.9329107617754958,-0.14778376084455028,0.3366580387751822,124.74210138357284,-5.2245194758906175,111.69102443016263,-0.5143801015822067,-0.7205352666842465,-0.4060317474231596,-0.22667214351356746
35.73341751098633,E28068940000401929753451,E28068940000401929753451,-65.0999984741211,0.9278647396729018,-0.17040428197278365,0.33646675671243415,123.58988146524116,-5.193026390023054,111.83706528065045,-0.5110601915924305,-0.7171501138618175,-0.41342052491410763,-0.2315095340093663
35.96333312988281,E28068940000401929753451,E28068940000401929753451,-69.0,0.923951578081531,-0.18725737766715525,0.33684125432367085,122.82164116422042,-5.2985154741103075,111.62757843772651,-0.5111449619242459,-0.7131519092176078,-0.41822594227082266,-0.235015411176426
36.1842155456543,E28068940000401929753451,E28068940000401929753451,-66.80000305175781,0.9198336912664017,-0.1963448285561777,0.33494013827967134,122.70217674846553,-5.252649456546428,111.5924968781606,-0.5109683910449515,-0.7126801979255543,-0.4187071211090486,-0.23597157788661524
36.403350830078125,E28068940000401929753451,E28068940000401929753451,-65.9000015258789,0.916401771922686,-0.18502791292017162,0.3354094276813936,123.8306381791109,-5.366622040905659,111.57076359281999,-0.513767213094896,-0.7163748992581854,-0.41209982005112644,-0.230269391746618
36.61389923095703,E28068940000401929753451,E28068940000401929753451,-66.80000305175781,0.9138493239243792,-0.1721960284381988,0.3368185944171338,124.88456179362647,-5.3502923494541985,111.60269988430086,-0.5156114227822366,-0.7203203606009511,-0.4054882847560658,-0.22552758085382457
36.82343292236328,E28068940000401929753451,E28068940000401929753451,-64.30000305175781,0.9132792646693602,-0.157453522294613,0.34368899290854094,125.2975482732229,-5.329449514736751,111.80552449236781,-0.5150776255906844,-0.7227430054587418,-0.4031976425946238,-0.2230902254301295
37.03443145751953,E28068940000401929753451,E28068940000401929753451,-65.0999984741211,0.9077699373149619,-0.14434946701546475,0.3378352367738092,127.15047363007409,-5.337539469043287,111.6804662264143,-0.5194372407568129,-0.7285813952523483,-0.3912584870446257,-0.21510671705607132
37.244384765625,E28068940000401929753451,E28068940000401929753451,-66.80000305175781,0.9067889586522854,-0.12878991047095728,0.3441665526800203,127.69274464658828,-5.34413534955992,111.70040111781678,-0.5203418968836716,-0.7304990565651374,-0.38787130167895,-0.21253539008556577
37.4552001953125,E28068940000401929753451,E28068940000401929753451,-65.9000015258789,0.908948481538445,-0.10310535886559055,0.3572031107140276,127.26922515745136,-5.810152771225157,112.41993601307979,-0.5163653472227919,-0.7311579193503593,-0.3938584451423815,-0.20892690192688035
37.655059814453125,E28068940000400BB6B448F1,40mm,-57.0,0.9103020108931886,-0.08929602951486595,0.3570327983954331,127.31202221525815,-6.173819216013985,113.02934871114502,-0.5136378328686875,-0.7331412137097161,-0.3961954173026301,-0.20422861874526055
37.853546142578125,E28068940000500A8C55B5E1,120mm,-57.599998474121094,0.9102934717086639,-0.08913789479578724,0.3569680869928429,127.31810010157507,-6.186313179244936,113.03223039452135,-0.5136676118214938,-0.7331440989898442,-0.39621331954891803,-0.20410859877525847
38.06418991088867,E28068940000401929753451,E28068940000401929753451,-66.80000305175781,0.9102798616065291,-0.08911649795707316,0.35694994646858735,127.32026106932994,-6.189761934879607,113.03213855866186,-0.5136823663219515,-0.7331425883983944,-0.39621358767652864,-0.20407636939850982
38.263675689697266,E28068940000401929753451,E28068940000401929753451,-65.9000015258789,0.9102781526523025,-0.08910063459299955,0.35694748795975784,127.32069044949588,-6.190510232291662,113.03271711423105,-0.5136816681391613,-0.7331448068477606,-0.3962149643377092,-0.20406748404583291
38.46373748779297,E28068940000400BB6B448F1,40mm,-55.79999923706055,0.9006103603318633,-0.08585294084152897,0.34740385446687444,129.29538401380972,-6.18692053585186,112.59412875498418,-0.5199394762638438,-0.7378874248222193,-0.38275793383700485,-0.19667601123812717
38.66358184814453,E28068940000400BB6B448F1,40mm,-60.79999923706055,0.8964463951202979,-0.09683097960968035,0.33785931744409337,130.80184260003983,-5.308794011286837,111.6299100357534,-0.52627299764091,-0.7405118047256299,-0.36763654457889156,-0.1988023392873782
38.86355209350586,E28068940000400BB6B448F1,40mm,-60.79999923706055,0.892467062895774,-0.08791062613400735,0.3364449739779876,131.9191340843024,-5.212905236438084,111.26900048211631,-0.5302658383296079,-0.7426150261171174,-0.35936930932325406,-0.19543480550352
39.06364059448242,E28068940000400BB6B448F1,40mm,-55.79999923706055,0.8886864427584701,-0.07355996960747294,0.3368895263000956,132.86420770107839,-5.159327414768715,111.2503226149253,-0.5318379225188727,-0.7455883158841645,-0.3529666897760924,-0.19147063298671213
39.26343536376953,E28068940000400BB6B448F1,40mm,-56.400001525878906,0.8877333843675209,-0.058886753343830395,0.3389349664690432,133.15696743861452,-5.233668246542756,111.63566439275499,-0.5300100525984908,-0.7481064387329291,-0.35202244847463354,-0.18843114456162124
39.463645935058594,E28068940000400BB6B448F1,40mm,-57.0,0.8838671924582894,-0.049776353772442744,0.3373078817085768,134.17911733686586,-5.111912560233473,111.26970264715705,-0.5337499675894308,-0.7497845742777367,-0.34421057998605864,-0.18561557288949426
39.66360092163086,E28068940000400BB6B448F1,40mm,-57.0,0.881793400405683,-0.033127161218880125,0.3384433401806993,134.68605101182183,-5.1532050369319915,111.58652727180608,0.5325929389147785,0.7526847935666412,0.34157727644056024,0.18203111594205867
39.863616943359375,E28068940000401929753451,E28068940000401929753451,-69.69999694824219,0.878840203790224,-0.024304850140107605,0.338251566119422,135.31663298657958,-5.117137297223886,111.4288198485508,0.5345331057049393,0.7538960818275703,0.33702399659365145,0.17980512348237387
40.06368637084961,E28068940000400BB6B448F1,40mm,-56.400001525878906,0.8754508126720248,-0.012686381325604288,0.33792494037648935,136.1043764759193,-5.076459616143521,111.14881742533966,0.5375016023897806,0.7549707155675685,0.3312210823114615,0.1772112882867115
40.273895263671875,E28068940000400BB6B448F1,40mm,-55.79999923706055,0.8731085442391108,0.004189996425213506,0.33922452017259036,136.49591555849705,-5.136050767916277,111.50401080865512,0.5359047813072472,0.7576361928365964,0.32944602578146204,0.17395051242494058
40.47376251220703,E28068940000401929753451,E28068940000401929753451,-71.9000015258789,0.8705534412996043,0.013398827458436598,0.33862303922432546,137.04414879572514,-5.037846710656138,111.41609735642443,0.5370741161560525,0.7589975183970057,0.3252486154069294,0.17230060649416623
40.67378616333008,E28068940000500A8C55B5E1,120mm,-59.900001525878906,0.8672108688669006,0.025682216154334706,0.3384268006086856,137.72302911100255,-4.972728119585285,111.17178895049959,0.5395506661741452,0.7598969539864447,0.3200931971823467,0.17024113213540082
40.873802185058594,E28068940000400BB6B448F1,40mm,-54.79999923706055,0.8647733741340015,0.03841639033951562,0.33814063505523895,138.07880544014577,-5.03328511619911,111.45395287251726,0.5383453572745515,0.7620904862415052,0.3184173012176253,0.16737021648550673
41.07369613647461,E28068940000500A8C55B5E1,120mm,-61.79999923706055,0.8616130451407424,0.05007295493147437,0.3384770174283165,138.5846512553687,-4.996560334166957,111.29474329365287,0.5400531154436103,0.7628136565036863,0.31465564061028545,0.1656797687807947
41.27555465698242,E28068940000400BB6B448F1,40mm,-54.79999923706055,0.8591074698763682,0.06519575057107045,0.3389076138466679,138.84884804452824,-5.156751755155944,111.62890055984961,0.538578281958741,0.7647860564758419,0.3140909084868373,0.162427285972567
41.485328674316406,E28068940000401929753451,E28068940000401929753451,-75.69999694824219,0.856424483676504,0.07448069947236362,0.3384570662367815,139.37785770196837,-4.958811623952969,111.31257732866334,0.5409811931912165,0.7651331626274216,0.3092230983321181,0.16214705522781478
41.693782806396484,E28068940000401929753451,E28068940000401929753451,-73.9000015258789,0.853615646291486,0.0900483009538,0.33887937624915565,139.68750641877878,-4.98399329208018,111.53305044363536,0.5400001692194418,0.7669562573113344,0.3075762493918563,0.15992112876040784
41.936038970947266,E28068940000400BB6B448F1,40mm,-55.79999923706055,0.8495821603201734,0.10543282467792933,0.339078552702762,140.17865925529034,-4.957787743613716,111.38923933401881,0.5415853717985176,0.7676399180022907,0.3039698572870022,0.15816626443150433
42.163719177246094,E2806894000040192971787C,urine-front,-72.9000015258789,0.8466619491447946,0.11975443565359026,0.3386714044523712,140.48601551170478,-5.003583256226462,111.56531478062391,0.5409286644060799,0.7691949652895256,0.3023567006836875,0.15593495743025274
42.3835563659668,E28068940000401929753451,E28068940000401929753451,-74.4000015258789,0.8434246706292958,0.1406302308513575,0.338605386845934,140.4985873056254,-5.024239005537418,112.94059212866587,0.5317217256812129,0.7756249702562358,0.30421264666468273,0.15209397609003308
42.60367965698242,E28068940000401929753451,E28068940000401929753451,-75.0,0.8392491140186213,0.15120023190826534,0.33834502483931894,140.9523775107012,-4.788677809488692,112.77342899453485,0.5329268063772551,0.776495254761316,0.2998725470851094,0.1520545753418411
42.815391540527344,E2806894000040192971787C,urine-front,-75.0,0.8381152038005637,0.15268785797767898,0.3382666312793187,141.27244661248724,-4.950029133308937,111.70064594870482,0.540957497339315,0.77199416696541,0.29700856307703366,0.1522363481652205
43.02381134033203,E28068940000401929753451,E28068940000401929753451,-73.9000015258789,0.8344221711452723,0.16414437868394982,0.33704167873215707,141.7342145029653,-4.8841566897887345,111.31985116236136,0.5439906263879567,0.7715062441084221,0.29309559771231036,0.1514836106825322
43.23505783081055,E28068940000400BB6B448F1,40mm,-59.900001525878906,0.8306786974342818,0.17948199874090676,0.3366861830426247,141.92223627962338,-5.04547941408056,111.66601095327975,0.5422511915327409,0.7733212726596892,0.2930131160567148,0.14859733628855912
43.443634033203125,E28068940000400BB6B448F1,40mm,-59.900001525878906,0.827821144184897,0.1890506273090321,0.33604171631307206,142.22607170933298,-4.9187902133671875,111.36320869160647,0.5444172319390915,0.7728979865536482,0.28999543128472943,0.14879929362425726
43.65379333496094,E28068940000400BB6B448F1,40mm,-59.900001525878906,0.8248890797340738,0.1873256599681124,0.33809379426713104,142.25071960348313,-4.863698897397851,111.60746129424741,0.5426828087315332,0.7742224710896982,0.2898954861500455,0.14844373168593092
43.853538513183594,E28068940000400BB6B448F1,40mm,-59.900001525878906,0.821433070579304,0.17508694373312783,0.33825899457127595,142.4904128839324,-4.911541369836617,111.7104244313716,0.5423972383399074,0.7752255075021768,0.28862459897478465,0.14671908269164788
44.05377960205078,E2806894000040192971787C,urine-front,-75.0,0.8172191677217573,0.16055359510901626,0.33817025351554797,142.77584766892383,-4.918127181442024,111.86611208034958,0.5417201692923993,0.7766665290666162,0.2869197719594471,0.14493241620896347
44.25547790527344,E28068940000401929753451,E28068940000401929753451,-75.0,0.8142025416944619,0.14564306971767885,0.3388045022569585,142.94892071857655,-4.997274194193884,111.7001826386653,0.5432286669362317,0.776166929988683,0.28589686601411524,0.14398088141810353
44.45521545410156,E28068940000401929753451,E28068940000401929753451,-75.0,0.8104081246470082,0.13124490229268795,0.338054833180416,143.18458282965426,-4.992598266178137,111.89678334873139,0.5421804517791838,0.7776932132421764,0.28452353794751517,0.14240779521995234
44.6537971496582,E2806894000040192971787C,urine-front,-71.0999984741211,0.8085995327579034,0.11492234814347393,0.33804578124297635,143.3128702445063,-4.9747478332244714,111.5417608176918,0.5447104549966677,0.7763601369410937,0.2831307058863895,0.14280217565010528
44.85369873046875,E28068940000400BB6B448F1,40mm,-58.29999923706055,0.8054763969709463,0.10606770134859922,0.33842282669046553,143.39887551456937,-5.047878537854327,111.66755797154002,0.5441154121173919,0.777035695349799,0.2830367872056967,0.14157727055164054
45.05510711669922,E28068940000400BB6B448F1,40mm,-57.599998474121094,0.8017720748046031,0.09192813015183826,0.33837280203977904,143.5145070332465,-4.987926993244024,111.83415353793045,0.5430040120483647,0.7782210430816953,0.28218504383916276,0.14103280482819366
45.263763427734375,E28068940000400BB6B448F1,40mm,-57.599998474121094,0.7997271379888335,0.07668822144028879,0.3385995167774432,143.5279584168319,-5.031830042635364,111.5847851043414,0.5448029904025897,0.7769901352087476,0.281986296684487,0.14127901443192548
45.47380065917969,E28068940000401929753451,E28068940000401929753451,-74.4000015258789,0.7969338192185382,0.06730884298401092,0.3387208703435185,143.5752977301859,-5.148928825564088,111.56479080001174,0.5452364875887274,0.7767964148134158,0.2821742598250865,0.1402932273030149
45.68375015258789,E28068940000401929753451,E28068940000401929753451,-72.9000015258789,0.7930584062256345,0.05387207286638311,0.33851228850173964,143.61345775198356,-5.074571965629125,111.83311721451075,0.5433103010524362,0.778301226832039,0.28190524418373925,0.13996624730184334
45.88529586791992,E28068940000400BB6B448F1,40mm,-59.900001525878906,0.7905132261997181,0.039378124478855706,0.3386529160023134,143.60007183240836,-5.136497321897852,111.56102451795557,0.5452669484707153,0.7768623385367419,0.2819450657051099,0.1402706020276507
46.08368682861328,E28068940000401929753451,E28068940000401929753451,-67.9000015258789,0.7874464399536222,0.03012584790992298,0.338953502337484,143.58548664529803,-5.187759930581385,111.64036968764727,0.5448158380891075,0.7771095225000254,0.28237433408275936,0.13978994262236458
46.28357696533203,E28068940000401929753451,E28068940000401929753451,-69.69999694824219,0.7838824883337985,0.017303977658098216,0.34010184683851696,143.42211036352094,-5.071568092795596,111.94205343731556,0.5423299436381854,0.7783508448376992,0.2833246540247752,0.14062480220638163
46.49382400512695,E28068940000401929753451,E28068940000401929753451,-71.0999984741211,0.7817363602310531,0.0051869495616452006,0.34074252333474453,143.34711627350717,-5.061829011348567,111.6525073449252,0.5441822202270226,0.7768106126436263,0.2834325580121387,0.14176377651472932
46.7135124206543,E28068940000400BB6B448F1,40mm,-61.79999923706055,0.7787848007448025,-0.006124921611038668,0.3418465717612883,143.1304195832601,-5.116474426526494,111.76681926701858,0.5432519751918446,0.7767143178230067,0.285291277753261,0.14213038653578602
46.9538459777832,E28068940000401929753451,E28068940000401929753451,-68.4000015258789,0.7750346257256865,-0.023464209053635107,0.3417870989910221,142.94740507539473,-5.072400139806023,111.75055086546472,0.5430425096501214,0.7762624960125287,0.28631121115033675,0.1433431559821526
47.18421173095703,E28068940000401929753451,E28068940000401929753451,-65.9000015258789,0.771545201951029,-0.035329683000134365,0.34173116576840884,142.7537298103701,-5.0031021292027855,112.0716468683516,0.5404775927322035,0.7774240837709763,0.28771307888381215,0.14393383885125072
47.41428756713867,E28068940000401929753451,E28068940000401929753451,-65.9000015258789,0.7701732902635096,-0.049419236851953874,0.34234599456046394,142.56077140079174,-5.117112662944645,111.3864697470069,0.5451103799779574,0.7734802602890097,0.2886694743131133,0.1457837274297901
47.61393356323242,E28068940000401929753451,E28068940000401929753451,-65.0999984741211,0.7658698675760066,-0.06201104954357711,0.3422467955431542,142.2392107499163,-5.03415135040641,111.96001253721592,0.5406480419075317,0.7755398378846743,0.29119822008229357,0.1464283143940006
47.81380844116211,E28068940000401929753451,E28068940000401929753451,-65.9000015258789,0.7633297853108089,-0.07582545447558828,0.3424699394380393,141.96389949332098,-5.116655981491777,111.65974876339756,0.5425001293626219,0.7732630120593627,0.2930458932350175,0.1479257525940319
48.02534484863281,E28068940000401929753451,E28068940000401929753451,-65.9000015258789,0.7613005119574685,-0.08441088616569588,0.34188874063708496,141.80370900154335,-5.193304292158199,111.60900151109391,0.5427998753149976,0.7724659845269866,0.294407430332059,0.1482864224130123
48.234413146972656,E28068940000401929753451,E28068940000401929753451,-65.0999984741211,0.75696305040816,-0.104160077582453,0.3422706711195629,141.2916822678522,-5.183304722572424,111.46933506979255,0.54304957767665,0.7705007956409988,0.29762693590062467,0.15114194364307132
48.433738708496094,E28068940000401929753451,E28068940000401929753451,-64.30000305175781,0.7543445251392367,-0.11298887053973497,0.3418690048660717,140.89533589909698,-5.11844628471136,111.97105133213798,0.5390059739796634,0.7719604338263107,0.3006662173155134,0.15214951326280463
48.643672943115234,E28068940000401929753451,E28068940000401929753451,-65.9000015258789,0.751559193906543,-0.12668752490164717,0.3423648961198375,140.37873239124212,-5.142484407215224,111.91926650125752,0.5387166683334799,0.7703067015915354,0.30418115726254624,0.15455018702435422
48.85429000854492,E28068940000401929753451,E28068940000401929753451,-65.9000015258789,0.7492246949537689,-0.13701658619965124,0.3425248018582504,140.0191819785256,-5.190824335871082,111.80906789244963,0.5390779819262296,0.7687349835799306,0.3066628508622065,0.15620291394135594
49.053646087646484,E28068940000401929753451,E28068940000401929753451,-65.9000015258789,0.7478006874940213,-0.1447876904066187,0.3422146300121306,139.71900206442257,-5.1318608940973425,111.87028575970942,0.5381221862642922,0.7683338429644215,0.3084959945894499,0.1578538556004514
49.27463912963867,E28068940000401929753451,E28068940000401929753451,-65.9000015258789,0.7441522998546228,-0.1596936298284239,0.34178293372492385,139.20293169649568,-5.254547144857006,111.66937475875632,0.5390325743847117,0.765746357197188,0.31222058878642045,0.15998344954803126
49.49504852294922,E28068940000401929753451,E28068940000401929753451,-66.80000305175781,0.7415212540386203,-0.17200583491928786,0.34227468061886124,138.7347847878173,-5.192657673659137,111.47738226026273,0.5395103957157785,0.7636874117039737,0.31479705739405806,0.16313455420459438
49.714900970458984,E28068940000401929753451,E28068940000401929753451,-65.0999984741211,0.738833277067811,-0.1842764285549633,0.341665633257061,137.9899576219551,-5.18073602422963,111.80459287992956,0.5362332964706813,0.7631840643814543,0.3201757485410503,0.1658053849444222
49.95409393310547,E28068940000401929753451,E28068940000401929753451,-69.0,0.7352492506742212,-0.1979558861520698,0.3421167415112554,137.3254158502446,-5.332482862641445,111.55921381852222,0.5372579359907115,0.7598490907523939,0.32490844722428674,0.1685757112399763
50.18394470214844,E28068940000401929753451,E28068940000401929753451,-65.9000015258789,0.7343757867296143,-0.20142433556121858,0.34237795298337537,137.28275346823116,-5.318875429752013,111.32324168854136,0.538725690259877,0.7586488598438874,0.32478242032168514,0.16953736332023311
50.39484405517578,E28068940000401929753451,E28068940000401929753451,-65.9000015258789,0.7342928284295249,-0.20172373195240317,0.3423734618707887,137.27944385101608,-5.321810095620111,111.30281654301668,0.5388630755304433,0.7585372726421785,0.3247871898056071,0.16959089946283426
50.604408264160156,E28068940000401929753451,E28068940000401929753451,-64.30000305175781,0.7342613932348493,-0.20183371667142963,0.3423993437314665,137.27563446944583,-5.322032250451968,111.29621213195665,0.5389016888828125,0.7584949500666636,0.32480362055737044,0.16962602546615724
50.80445098876953,E28068940000401929753451,E28068940000401929753451,-67.9000015258789,0.734263050294439,-0.20181277125422784,0.3424165380724743,137.27313836085474,-5.322532178689169,111.2991527514511,0.538879733785776,0.7585006521010581,0.32482672473789387,0.16962603624824985
51.0142707824707,E28068940000401929753451,E28068940000401929753451,-65.9000015258789,0.7342672817663658,-0.20179479431631794,0.34242797207906805,137.27147688149452,-5.322847614277123,111.30121887051628,0.5388643581726703,0.7585049948236678,0.3248421872508347,0.16962585210042946
51.23426818847656,E28068940000401929753451,E28068940000401929753451,-65.9000015258789,0.7342682629129614,-0.20178761471343115,0.34243193121949306,137.270886330507,-5.322800859909833,111.30225576593934,0.538856507932921,0.7585082950117276,0.3248474226543449,0.16962600700237257
51.45402526855469,E28068940000401929753451,E28068940000401929753451,-65.9000015258789,0.7342692226672449,-0.20178449136244503,0.34243411051197337,137.27055767680685,-5.3227384240904785,111.30272897460229,0.5388527387473119,0.7585097198708655,0.3248500201890837,0.16962663466889247
51.66367721557617,E28068940000401929753451,E28068940000401929753451,-65.9000015258789,0.7342685099949037,-0.20178272624643484,0.34243505211883674,137.27041544171885,-5.32270905182895,111.30310564969393,0.5388499641348288,0.7585111496995115,0.32485138830056487,0.169626435005321
51.87449645996094,E28068940000401929753451,E28068940000401929753451,-66.80000305175781,0.7342688299043434,-0.20178168513287978,0.34243577855688084,137.27030271596752,-5.32265579059909,111.30329760157848,0.5388483983818477,0.7585118447896129,0.32485218113239067,0.16962678234495684
52.083641052246094,E28068940000401929753451,E28068940000401929753451,-65.0999984741211,0.7342691853563921,-0.20178052834068483,0.3424365857124562,137.27017852310226,-5.3226074266585055,111.30349947575765,0.5388467617717244,0.7585125437253433,0.32485308639273375,0.16962712224332255
52.293846130371094,E28068940000401929753451,E28068940000401929753451,-65.0999984741211,0.7342695052606396,-0.20177948722828842,0.3424373121544477,137.27006553993567,-5.32255153341353,111.30369420133665,0.5388451709327611,0.758513256657278,0.3248538733031577,0.16962748078524684
52.56425857543945,E28068940000401929753451,E28068940000401929753451,-68.4000015258789,0.7342688156309606,-0.20177774460092135,0.3424374777762775,137.27004275660553,-5.322569211129616,111.30395401056482,0.5388434600436387,0.7585143765882771,0.3248544875188309,0.1696267314310293
